Company Code,Company Name,Username,Password,Assessment Year,Act,1024
,Continuum Green Energy Private Limited,CHES27959B,CHES@27959B,2026-27,new,10
,Bothe Windfarm Development Pvt. Ltd,MUMB21329A,MUMB@21329A,2026-27,new,10
,DJ Energy Private Limited,DELD11445A,DELD@11445A,2026-27,new,10
,Uttar Urja Projects Private Limited,MRTU01476G,MRTU@01476G,2026-27,new,10
,Watsun Infrabuild Private Limited,MUMW04565B,MUMW@04565B,2026-27,new,10
,Trinethra Wind And Hydro Power Private Limited,MUMT18184F,LIFEbook3@,2026-27,new,10
,Renewables Trinethra Private Limited,MUMR40488A,LIFEbook3@,2026-27,new,10
,Srijan Energy Systems Private Limited,BPLS05467A,LIFEbook3@,2026-27,new,10
,CONTINUUM POWER TRADING (TN) PRIVATE LIMITED,CHEC12453A,CHEC@12453A,2026-27,new,10
,Continuum MP Windfarm Development Private Limited,MUMC21400B,LIFEbook3@,2026-27,new,10
,Shubh Wind Power Private limited,MUMS77145F,LIFEbook3@,2026-27,new,10
,Kutch Windfarm Development Private Limited,MUMK28963E,LIFEbook3@,2026-27,new,10
,Bhuj Wind Energy Private Limited,MUMB28577D,LIFEbook3@,2026-27,new,10
,Morjar Windfarm Development Pvt. Ltd.,MUMM56138F,LIFEbook3@,2026-27,new,10
,CONTINUUM TRINETHRA RENEWABLES PRIVATE LIMITED,MUMC26390A,LIFEbook3@,2026-27,new,10
,SRIJAN RENEWABLES PRIVATE LIMITED,MUMS14105H,LIFEbook3@,2026-27,new,10
,DALAVAIPURAM RENEWABLES PRIVATE LIMITED,MUMD29873E,LIFEbook3@,2026-27,new,10
,CGE RENEWABLES PRIVATE LIMITED,MUMC27789G,LIFEbook3@,2026-27,new,10
,CGE HYBRID ENERGY PRIVATE LIMITED,MUMC28021A,LIFEbook3@,2026-27,new,10
,DRPL CAPTIVE HYBRID PRIVATE LIMITED,MUMD30282A,LIFEbook3@,2026-27,new,10
,CGE SHREE DIGVIJAY CEMENT GREEN ENERGY PRIVATE LIMITED  (Trinethra Renewable),MUMT26205E,LIFEbook3@,2026-27,new,10
,CGE II Hybrid Energy Pvt. Ltd.- DRPL HYBRID ENERGY PRIVATE LIMITED - ,MUMD30267G,LIFEbook3@,2026-27,new,10
,MORJAR RENEWABLES PRIVATE LIMITED,MUMM61129F,LIFEbook3@,2026-27,new,10
,JAMNAGAR RENEWABLES PRIVATE LIMITED,MUMJ26643B,LIFEbook3@,2026-27,new,10
,JAMNAGAR RENEWABLES ONE PRIVATE LIMITED,MUMJ26571G,LIFEbook3@,2026-27,new,10
,JAMNAGAR RENEWABLES Two PRIVATE LIMITED,MUMJ26572A,LIFEbook3@,2026-27,new,10
,CGE 27 HYBRID ENERGY PRIVATE LIMITED,MUMC34069A,Continuum@27,2026-27,new,10
,CGE 28 HYBRID ENERGY PRIVATE LIMITED,MUMC34105B,Continuum@28,2026-27,new,10
,CGE 29 HYBRID ENERGY PRIVATE LIMITED,MUMC34107D,Continuum@29,2026-27,new,10
,CGE 30 HYBRID ENERGY PRIVATE LIMITED,MUMC34104A,Continuum@30,2026-27,new,10
